{"cameraMode":{"drawMode":0,"name":"Shaded","section":"Shading Mode"},"sceneLighting":false,"audioPlay":false,"sceneViewState":{"m_AlwaysRefresh":false,"showFog":true,"showSkybox":false,"showFlares":true,"showImageEffects":true,"showParticleSystems":true,"showVisualEffectGraphs":true,"m_FxEnabled":true},"in2DMode":false,"pivot":{"x":785.3492431640625,"y":281.8161315917969,"z":-66.64404296875},"rotation":{"x":0.03299407660961151,"y":-0.0014994252705946565,"z":0.00004986723797628656,"w":0.9994556307792664},"size":295.61761474609377,"orthographic":false}